{
  "province": "AB",
  "prov_pop": 3334092.0,
  "prov_climate_zones": [
    {
      "min_hdd18": 4000,
      "max_hdd18": 4999,
      "population": 1653652.0,
      "nat_pop_frac": 0.0564430809088989,
      "prov_pop_frac": 0.49598271433421753
    },
    {
      "min_hdd18": 5000,
      "max_hdd18": 5999,
      "population": 1607120.0,
      "nat_pop_frac": 0.054854832933597636,
      "prov_pop_frac": 0.48202629081621023
    },
    {
      "min_hdd18": 6000,
      "max_hdd18": 6999,
      "population": 73320.0,
      "nat_pop_frac": 0.0025025862105451857,
      "prov_pop_frac": 0.02199099484957224
    }
  ]
}