{
  "province": "BC",
  "prov_pop": 4108128.0,
  "prov_climate_zones": [
    {
      "min_hdd18": 2000,
      "max_hdd18": 2999,
      "population": 3282511.0,
      "nat_pop_frac": 0.11203991768361822,
      "prov_pop_frac": 0.7990284139150484
    },
    {
      "min_hdd18": 3000,
      "max_hdd18": 3999,
      "population": 615192.0,
      "nat_pop_frac": 0.02099796803106538,
      "prov_pop_frac": 0.14974995910546118
    },
    {
      "min_hdd18": 4000,
      "max_hdd18": 4999,
      "population": 169851.0,
      "nat_pop_frac": 0.005797419127759279,
      "prov_pop_frac": 0.041345109013156356
    },
    {
      "min_hdd18": 5000,
      "max_hdd18": 5999,
      "population": 40574.0,
      "nat_pop_frac": 0.0013848872464083518,
      "prov_pop_frac": 0.009876517966334057
    }
  ]
}