{
  "province": "MB",
  "prov_pop": 909600.0,
  "prov_climate_zones": [
    {
      "min_hdd18": 5000,
      "max_hdd18": 5999,
      "population": 895922.0,
      "nat_pop_frac": 0.03057995148559825,
      "prov_pop_frac": 0.9849626209322779
    },
    {
      "min_hdd18": 7000,
      "max_hdd18": 99999,
      "population": 13678.0,
      "nat_pop_frac": 0.0004668627139639532,
      "prov_pop_frac": 0.015037379067722076
    }
  ]
}