{
  "province": "QC",
  "prov_pop": 6624857.0,
  "prov_climate_zones": [
    {
      "min_hdd18": 4000,
      "max_hdd18": 4999,
      "population": 5249112.0,
      "nat_pop_frac": 0.17916469324614376,
      "prov_pop_frac": 0.792335894948374
    },
    {
      "min_hdd18": 5000,
      "max_hdd18": 5999,
      "population": 1227641.0,
      "nat_pop_frac": 0.04190231093971498,
      "prov_pop_frac": 0.18530830174900378
    },
    {
      "min_hdd18": 6000,
      "max_hdd18": 6999,
      "population": 148104.0,
      "nat_pop_frac": 0.005055142227585708,
      "prov_pop_frac": 0.02235580330262223
    }
  ]
}