{
  "province": "SK",
  "prov_pop": 707276.0,
  "prov_climate_zones": [
    {
      "min_hdd18": 5000,
      "max_hdd18": 5999,
      "population": 663116.0,
      "nat_pop_frac": 0.022633728281395,
      "prov_pop_frac": 0.9375632709154559
    },
    {
      "min_hdd18": 6000,
      "max_hdd18": 6999,
      "population": 44160.0,
      "nat_pop_frac": 0.0015072859664167402,
      "prov_pop_frac": 0.06243672908454408
    }
  ]
}